STRUCTURE,STRUCTURE_ID,STRUCTURE_NAME,freq,Time frequency,geo,Geopolitical entity (reporting),TIME_PERIOD,Time,unit,Unit of measure,OBS_VALUE,Observation value,OBS_FLAG,Observation status (Flag) V2 structure,CONF_STATUS,Confidentiality status (flag)
dataflow,ESTAT:SDG_13_31$DEFAULTVIEW(1.0),Average CO2 emissions per km from new passenger cars,A,Annual,AT,Austria,2014,,G_KM,Grams per kilometre,128.5,,,,,
dataflow,ESTAT:SDG_13_31$DEFAULTVIEW(1.0),Average CO2 emissions per km from new passenger cars,A,Annual,AT,Austria,2015,,G_KM,Grams per kilometre,123.7,,,,,
dataflow,ESTAT:SDG_13_31$DEFAULTVIEW(1.0),Average CO2 emissions per km from new passenger cars,A,Annual,AT,Austria,2016,,G_KM,Grams per kilometre,120.4,,,,,
dataflow,ESTAT:SDG_13_31$DEFAULTVIEW(1.0),Average CO2 emissions per km from new passenger cars,A,Annual,AT,Austria,2017,,G_KM,Grams per kilometre,146.3,,be,"break in time series, estimated",,
dataflow,ESTAT:SDG_13_31$DEFAULTVIEW(1.0),Average CO2 emissions per km from new passenger cars,A,Annual,AT,Austria,2018,,G_KM,Grams per kilometre,149.1,,e,estimated,,
dataflow,ESTAT:SDG_13_31$DEFAULTVIEW(1.0),Average CO2 emissions per km from new passenger cars,A,Annual,AT,Austria,2019,,G_KM,Grams per kilometre,152.1,,e,estimated,,
dataflow,ESTAT:SDG_13_31$DEFAULTVIEW(1.0),Average CO2 emissions per km from new passenger cars,A,Annual,AT,Austria,2020,,G_KM,Grams per kilometre,135.7,,,,,
dataflow,ESTAT:SDG_13_31$DEFAULTVIEW(1.0),Average CO2 emissions per km from new passenger cars,A,Annual,AT,Austria,2021,,G_KM,Grams per kilometre,116.1,,,,,
dataflow,ESTAT:SDG_13_31$DEFAULTVIEW(1.0),Average CO2 emissions per km from new passenger cars,A,Annual,AT,Austria,2022,,G_KM,Grams per kilometre,112,,,,,
dataflow,ESTAT:SDG_13_31$DEFAULTVIEW(1.0),Average CO2 emissions per km from new passenger cars,A,Annual,AT,Austria,2023,,G_KM,Grams per kilometre,104.1,,,,,
dataflow,ESTAT:SDG_13_31$DEFAULTVIEW(1.0),Average CO2 emissions per km from new passenger cars,A,Annual,BE,Belgium,2014,,G_KM,Grams per kilometre,121.3,,,,,
dataflow,ESTAT:SDG_13_31$DEFAULTVIEW(1.0),Average CO2 emissions per km from new passenger cars,A,Annual,BE,Belgium,2015,,G_KM,Grams per kilometre,117.9,,,,,
dataflow,ESTAT:SDG_13_31$DEFAULTVIEW(1.0),Average CO2 emissions per km from new passenger cars,A,Annual,BE,Belgium,2016,,G_KM,Grams per kilometre,115.9,,,,,
dataflow,ESTAT:SDG_13_31$DEFAULTVIEW(1.0),Average CO2 emissions per km from new passenger cars,A,Annual,BE,Belgium,2017,,G_KM,Grams per kilometre,140.5,,be,"break in time series, estimated",,
dataflow,ESTAT:SDG_13_31$DEFAULTVIEW(1.0),Average CO2 emissions per km from new passenger cars,A,Annual,BE,Belgium,2018,,G_KM,Grams per kilometre,144.7,,e,estimated,,
dataflow,ESTAT:SDG_13_31$DEFAULTVIEW(1.0),Average CO2 emissions per km from new passenger cars,A,Annual,BE,Belgium,2019,,G_KM,Grams per kilometre,147.3,,e,estimated,,
dataflow,ESTAT:SDG_13_31$DEFAULTVIEW(1.0),Average CO2 emissions per km from new passenger cars,A,Annual,BE,Belgium,2020,,G_KM,Grams per kilometre,130.6,,,,,
dataflow,ESTAT:SDG_13_31$DEFAULTVIEW(1.0),Average CO2 emissions per km from new passenger cars,A,Annual,BE,Belgium,2021,,G_KM,Grams per kilometre,117,,,,,
dataflow,ESTAT:SDG_13_31$DEFAULTVIEW(1.0),Average CO2 emissions per km from new passenger cars,A,Annual,BE,Belgium,2022,,G_KM,Grams per kilometre,104.5,,,,,
dataflow,ESTAT:SDG_13_31$DEFAULTVIEW(1.0),Average CO2 emissions per km from new passenger cars,A,Annual,BE,Belgium,2023,,G_KM,Grams per kilometre,85.3,,,,,
dataflow,ESTAT:SDG_13_31$DEFAULTVIEW(1.0),Average CO2 emissions per km from new passenger cars,A,Annual,BG,Bulgaria,2014,,G_KM,Grams per kilometre,135.9,,,,,
dataflow,ESTAT:SDG_13_31$DEFAULTVIEW(1.0),Average CO2 emissions per km from new passenger cars,A,Annual,BG,Bulgaria,2015,,G_KM,Grams per kilometre,130.3,,,,,
dataflow,ESTAT:SDG_13_31$DEFAULTVIEW(1.0),Average CO2 emissions per km from new passenger cars,A,Annual,BG,Bulgaria,2016,,G_KM,Grams per kilometre,125.8,,,,,
dataflow,ESTAT:SDG_13_31$DEFAULTVIEW(1.0),Average CO2 emissions per km from new passenger cars,A,Annual,BG,Bulgaria,2017,,G_KM,Grams per kilometre,153,,be,"break in time series, estimated",,
dataflow,ESTAT:SDG_13_31$DEFAULTVIEW(1.0),Average CO2 emissions per km from new passenger cars,A,Annual,BG,Bulgaria,2018,,G_KM,Grams per kilometre,153.6,,e,estimated,,
dataflow,ESTAT:SDG_13_31$DEFAULTVIEW(1.0),Average CO2 emissions per km from new passenger cars,A,Annual,BG,Bulgaria,2019,,G_KM,Grams per kilometre,157.8,,e,estimated,,
dataflow,ESTAT:SDG_13_31$DEFAULTVIEW(1.0),Average CO2 emissions per km from new passenger cars,A,Annual,BG,Bulgaria,2020,,G_KM,Grams per kilometre,147.1,,,,,
dataflow,ESTAT:SDG_13_31$DEFAULTVIEW(1.0),Average CO2 emissions per km from new passenger cars,A,Annual,BG,Bulgaria,2021,,G_KM,Grams per kilometre,139.5,,,,,
dataflow,ESTAT:SDG_13_31$DEFAULTVIEW(1.0),Average CO2 emissions per km from new passenger cars,A,Annual,BG,Bulgaria,2022,,G_KM,Grams per kilometre,134.3,,,,,
dataflow,ESTAT:SDG_13_31$DEFAULTVIEW(1.0),Average CO2 emissions per km from new passenger cars,A,Annual,BG,Bulgaria,2023,,G_KM,Grams per kilometre,129.4,,,,,
dataflow,ESTAT:SDG_13_31$DEFAULTVIEW(1.0),Average CO2 emissions per km from new passenger cars,A,Annual,CY,Cyprus,2014,,G_KM,Grams per kilometre,129.8,,,,,
dataflow,ESTAT:SDG_13_31$DEFAULTVIEW(1.0),Average CO2 emissions per km from new passenger cars,A,Annual,CY,Cyprus,2015,,G_KM,Grams per kilometre,125.7,,,,,
dataflow,ESTAT:SDG_13_31$DEFAULTVIEW(1.0),Average CO2 emissions per km from new passenger cars,A,Annual,CY,Cyprus,2016,,G_KM,Grams per kilometre,123.5,,,,,
dataflow,ESTAT:SDG_13_31$DEFAULTVIEW(1.0),Average CO2 emissions per km from new passenger cars,A,Annual,CY,Cyprus,2017,,G_KM,Grams per kilometre,148.1,,be,"break in time series, estimated",,
dataflow,ESTAT:SDG_13_31$DEFAULTVIEW(1.0),Average CO2 emissions per km from new passenger cars,A,Annual,CY,Cyprus,2018,,G_KM,Grams per kilometre,149.6,,e,estimated,,
dataflow,ESTAT:SDG_13_31$DEFAULTVIEW(1.0),Average CO2 emissions per km from new passenger cars,A,Annual,CY,Cyprus,2019,,G_KM,Grams per kilometre,153.6,,e,estimated,,
dataflow,ESTAT:SDG_13_31$DEFAULTVIEW(1.0),Average CO2 emissions per km from new passenger cars,A,Annual,CY,Cyprus,2020,,G_KM,Grams per kilometre,151.9,,,,,
dataflow,ESTAT:SDG_13_31$DEFAULTVIEW(1.0),Average CO2 emissions per km from new passenger cars,A,Annual,CY,Cyprus,2021,,G_KM,Grams per kilometre,145.9,,,,,
dataflow,ESTAT:SDG_13_31$DEFAULTVIEW(1.0),Average CO2 emissions per km from new passenger cars,A,Annual,CY,Cyprus,2022,,G_KM,Grams per kilometre,136.8,,,,,
dataflow,ESTAT:SDG_13_31$DEFAULTVIEW(1.0),Average CO2 emissions per km from new passenger cars,A,Annual,CY,Cyprus,2023,,G_KM,Grams per kilometre,126.3,,,,,
dataflow,ESTAT:SDG_13_31$DEFAULTVIEW(1.0),Average CO2 emissions per km from new passenger cars,A,Annual,CZ,Czechia,2014,,G_KM,Grams per kilometre,131.6,,,,,
dataflow,ESTAT:SDG_13_31$DEFAULTVIEW(1.0),Average CO2 emissions per km from new passenger cars,A,Annual,CZ,Czechia,2015,,G_KM,Grams per kilometre,126.3,,,,,
dataflow,ESTAT:SDG_13_31$DEFAULTVIEW(1.0),Average CO2 emissions per km from new passenger cars,A,Annual,CZ,Czechia,2016,,G_KM,Grams per kilometre,121.2,,,,,
dataflow,ESTAT:SDG_13_31$DEFAULTVIEW(1.0),Average CO2 emissions per km from new passenger cars,A,Annual,CZ,Czechia,2017,,G_KM,Grams per kilometre,150.4,,be,"break in time series, estimated",,
dataflow,ESTAT:SDG_13_31$DEFAULTVIEW(1.0),Average CO2 emissions per km from new passenger cars,A,Annual,CZ,Czechia,2018,,G_KM,Grams per kilometre,152.7,,e,estimated,,
dataflow,ESTAT:SDG_13_31$DEFAULTVIEW(1.0),Average CO2 emissions per km from new passenger cars,A,Annual,CZ,Czechia,2019,,G_KM,Grams per kilometre,156,,e,estimated,,
dataflow,ESTAT:SDG_13_31$DEFAULTVIEW(1.0),Average CO2 emissions per km from new passenger cars,A,Annual,CZ,Czechia,2020,,G_KM,Grams per kilometre,144.9,,,,,
dataflow,ESTAT:SDG_13_31$DEFAULTVIEW(1.0),Average CO2 emissions per km from new passenger cars,A,Annual,CZ,Czechia,2021,,G_KM,Grams per kilometre,138.8,,,,,
dataflow,ESTAT:SDG_13_31$DEFAULTVIEW(1.0),Average CO2 emissions per km from new passenger cars,A,Annual,CZ,Czechia,2022,,G_KM,Grams per kilometre,137.7,,,,,
dataflow,ESTAT:SDG_13_31$DEFAULTVIEW(1.0),Average CO2 emissions per km from new passenger cars,A,Annual,CZ,Czechia,2023,,G_KM,Grams per kilometre,136,,,,,
dataflow,ESTAT:SDG_13_31$DEFAULTVIEW(1.0),Average CO2 emissions per km from new passenger cars,A,Annual,DE,Germany,2014,,G_KM,Grams per kilometre,132.5,,,,,
dataflow,ESTAT:SDG_13_31$DEFAULTVIEW(1.0),Average CO2 emissions per km from new passenger cars,A,Annual,DE,Germany,2015,,G_KM,Grams per kilometre,128.3,,,,,
dataflow,ESTAT:SDG_13_31$DEFAULTVIEW(1.0),Average CO2 emissions per km from new passenger cars,A,Annual,DE,Germany,2016,,G_KM,Grams per kilometre,126.9,,,,,
dataflow,ESTAT:SDG_13_31$DEFAULTVIEW(1.0),Average CO2 emissions per km from new passenger cars,A,Annual,DE,Germany,2017,,G_KM,Grams per kilometre,154.2,,be,"break in time series, estimated",,
dataflow,ESTAT:SDG_13_31$DEFAULTVIEW(1.0),Average CO2 emissions per km from new passenger cars,A,Annual,DE,Germany,2018,,G_KM,Grams per kilometre,157,,e,estimated,,
dataflow,ESTAT:SDG_13_31$DEFAULTVIEW(1.0),Average CO2 emissions per km from new passenger cars,A,Annual,DE,Germany,2019,,G_KM,Grams per kilometre,159,,e,estimated,,
dataflow,ESTAT:SDG_13_31$DEFAULTVIEW(1.0),Average CO2 emissions per km from new passenger cars,A,Annual,DE,Germany,2020,,G_KM,Grams per kilometre,136,,,,,
dataflow,ESTAT:SDG_13_31$DEFAULTVIEW(1.0),Average CO2 emissions per km from new passenger cars,A,Annual,DE,Germany,2021,,G_KM,Grams per kilometre,113.5,,,,,
dataflow,ESTAT:SDG_13_31$DEFAULTVIEW(1.0),Average CO2 emissions per km from new passenger cars,A,Annual,DE,Germany,2022,,G_KM,Grams per kilometre,105.9,,,,,
dataflow,ESTAT:SDG_13_31$DEFAULTVIEW(1.0),Average CO2 emissions per km from new passenger cars,A,Annual,DE,Germany,2023,,G_KM,Grams per kilometre,113,,,,,
dataflow,ESTAT:SDG_13_31$DEFAULTVIEW(1.0),Average CO2 emissions per km from new passenger cars,A,Annual,DK,Denmark,2014,,G_KM,Grams per kilometre,110.2,,,,,
dataflow,ESTAT:SDG_13_31$DEFAULTVIEW(1.0),Average CO2 emissions per km from new passenger cars,A,Annual,DK,Denmark,2015,,G_KM,Grams per kilometre,106.2,,,,,
dataflow,ESTAT:SDG_13_31$DEFAULTVIEW(1.0),Average CO2 emissions per km from new passenger cars,A,Annual,DK,Denmark,2016,,G_KM,Grams per kilometre,106,,,,,
dataflow,ESTAT:SDG_13_31$DEFAULTVIEW(1.0),Average CO2 emissions per km from new passenger cars,A,Annual,DK,Denmark,2017,,G_KM,Grams per kilometre,129.8,,be,"break in time series, estimated",,
dataflow,ESTAT:SDG_13_31$DEFAULTVIEW(1.0),Average CO2 emissions per km from new passenger cars,A,Annual,DK,Denmark,2018,,G_KM,Grams per kilometre,132.8,,e,estimated,,
dataflow,ESTAT:SDG_13_31$DEFAULTVIEW(1.0),Average CO2 emissions per km from new passenger cars,A,Annual,DK,Denmark,2019,,G_KM,Grams per kilometre,135.6,,e,estimated,,
dataflow,ESTAT:SDG_13_31$DEFAULTVIEW(1.0),Average CO2 emissions per km from new passenger cars,A,Annual,DK,Denmark,2020,,G_KM,Grams per kilometre,116.4,,,,,
dataflow,ESTAT:SDG_13_31$DEFAULTVIEW(1.0),Average CO2 emissions per km from new passenger cars,A,Annual,DK,Denmark,2021,,G_KM,Grams per kilometre,92.3,,,,,
dataflow,ESTAT:SDG_13_31$DEFAULTVIEW(1.0),Average CO2 emissions per km from new passenger cars,A,Annual,DK,Denmark,2022,,G_KM,Grams per kilometre,86.3,,,,,
dataflow,ESTAT:SDG_13_31$DEFAULTVIEW(1.0),Average CO2 emissions per km from new passenger cars,A,Annual,DK,Denmark,2023,,G_KM,Grams per kilometre,72.8,,,,,
dataflow,ESTAT:SDG_13_31$DEFAULTVIEW(1.0),Average CO2 emissions per km from new passenger cars,A,Annual,EE,Estonia,2014,,G_KM,Grams per kilometre,140.9,,,,,
dataflow,ESTAT:SDG_13_31$DEFAULTVIEW(1.0),Average CO2 emissions per km from new passenger cars,A,Annual,EE,Estonia,2015,,G_KM,Grams per kilometre,137.2,,,,,
dataflow,ESTAT:SDG_13_31$DEFAULTVIEW(1.0),Average CO2 emissions per km from new passenger cars,A,Annual,EE,Estonia,2016,,G_KM,Grams per kilometre,133.9,,,,,
dataflow,ESTAT:SDG_13_31$DEFAULTVIEW(1.0),Average CO2 emissions per km from new passenger cars,A,Annual,EE,Estonia,2017,,G_KM,Grams per kilometre,161,,be,"break in time series, estimated",,
dataflow,ESTAT:SDG_13_31$DEFAULTVIEW(1.0),Average CO2 emissions per km from new passenger cars,A,Annual,EE,Estonia,2018,,G_KM,Grams per kilometre,160.5,,e,estimated,,
dataflow,ESTAT:SDG_13_31$DEFAULTVIEW(1.0),Average CO2 emissions per km from new passenger cars,A,Annual,EE,Estonia,2019,,G_KM,Grams per kilometre,157.7,,e,estimated,,
dataflow,ESTAT:SDG_13_31$DEFAULTVIEW(1.0),Average CO2 emissions per km from new passenger cars,A,Annual,EE,Estonia,2020,,G_KM,Grams per kilometre,147.6,,,,,
dataflow,ESTAT:SDG_13_31$DEFAULTVIEW(1.0),Average CO2 emissions per km from new passenger cars,A,Annual,EE,Estonia,2021,,G_KM,Grams per kilometre,142.6,,,,,
dataflow,ESTAT:SDG_13_31$DEFAULTVIEW(1.0),Average CO2 emissions per km from new passenger cars,A,Annual,EE,Estonia,2022,,G_KM,Grams per kilometre,141.6,,,,,
dataflow,ESTAT:SDG_13_31$DEFAULTVIEW(1.0),Average CO2 emissions per km from new passenger cars,A,Annual,EE,Estonia,2023,,G_KM,Grams per kilometre,134.6,,,,,
dataflow,ESTAT:SDG_13_31$DEFAULTVIEW(1.0),Average CO2 emissions per km from new passenger cars,A,Annual,EL,Greece,2014,,G_KM,Grams per kilometre,108.2,,,,,
dataflow,ESTAT:SDG_13_31$DEFAULTVIEW(1.0),Average CO2 emissions per km from new passenger cars,A,Annual,EL,Greece,2015,,G_KM,Grams per kilometre,106.4,,,,,
dataflow,ESTAT:SDG_13_31$DEFAULTVIEW(1.0),Average CO2 emissions per km from new passenger cars,A,Annual,EL,Greece,2016,,G_KM,Grams per kilometre,106.3,,,,,
dataflow,ESTAT:SDG_13_31$DEFAULTVIEW(1.0),Average CO2 emissions per km from new passenger cars,A,Annual,EL,Greece,2017,,G_KM,Grams per kilometre,131.9,,be,"break in time series, estimated",,
dataflow,ESTAT:SDG_13_31$DEFAULTVIEW(1.0),Average CO2 emissions per km from new passenger cars,A,Annual,EL,Greece,2018,,G_KM,Grams per kilometre,135,,e,estimated,,
dataflow,ESTAT:SDG_13_31$DEFAULTVIEW(1.0),Average CO2 emissions per km from new passenger cars,A,Annual,EL,Greece,2019,,G_KM,Grams per kilometre,140.1,,e,estimated,,
dataflow,ESTAT:SDG_13_31$DEFAULTVIEW(1.0),Average CO2 emissions per km from new passenger cars,A,Annual,EL,Greece,2020,,G_KM,Grams per kilometre,130.5,,,,,
dataflow,ESTAT:SDG_13_31$DEFAULTVIEW(1.0),Average CO2 emissions per km from new passenger cars,A,Annual,EL,Greece,2021,,G_KM,Grams per kilometre,119.8,,,,,
dataflow,ESTAT:SDG_13_31$DEFAULTVIEW(1.0),Average CO2 emissions per km from new passenger cars,A,Annual,EL,Greece,2022,,G_KM,Grams per kilometre,118,,,,,
dataflow,ESTAT:SDG_13_31$DEFAULTVIEW(1.0),Average CO2 emissions per km from new passenger cars,A,Annual,EL,Greece,2023,,G_KM,Grams per kilometre,112.7,,,,,
dataflow,ESTAT:SDG_13_31$DEFAULTVIEW(1.0),Average CO2 emissions per km from new passenger cars,A,Annual,ES,Spain,2014,,G_KM,Grams per kilometre,118.6,,,,,
dataflow,ESTAT:SDG_13_31$DEFAULTVIEW(1.0),Average CO2 emissions per km from new passenger cars,A,Annual,ES,Spain,2015,,G_KM,Grams per kilometre,115.3,,,,,
dataflow,ESTAT:SDG_13_31$DEFAULTVIEW(1.0),Average CO2 emissions per km from new passenger cars,A,Annual,ES,Spain,2016,,G_KM,Grams per kilometre,114.4,,,,,
dataflow,ESTAT:SDG_13_31$DEFAULTVIEW(1.0),Average CO2 emissions per km from new passenger cars,A,Annual,ES,Spain,2017,,G_KM,Grams per kilometre,139.4,,be,"break in time series, estimated",,
dataflow,ESTAT:SDG_13_31$DEFAULTVIEW(1.0),Average CO2 emissions per km from new passenger cars,A,Annual,ES,Spain,2018,,G_KM,Grams per kilometre,143.1,,e,estimated,,
dataflow,ESTAT:SDG_13_31$DEFAULTVIEW(1.0),Average CO2 emissions per km from new passenger cars,A,Annual,ES,Spain,2019,,G_KM,Grams per kilometre,147,,e,estimated,,
dataflow,ESTAT:SDG_13_31$DEFAULTVIEW(1.0),Average CO2 emissions per km from new passenger cars,A,Annual,ES,Spain,2020,,G_KM,Grams per kilometre,135.5,,,,,
dataflow,ESTAT:SDG_13_31$DEFAULTVIEW(1.0),Average CO2 emissions per km from new passenger cars,A,Annual,ES,Spain,2021,,G_KM,Grams per kilometre,126,,,,,
dataflow,ESTAT:SDG_13_31$DEFAULTVIEW(1.0),Average CO2 emissions per km from new passenger cars,A,Annual,ES,Spain,2022,,G_KM,Grams per kilometre,121.5,,,,,
dataflow,ESTAT:SDG_13_31$DEFAULTVIEW(1.0),Average CO2 emissions per km from new passenger cars,A,Annual,ES,Spain,2023,,G_KM,Grams per kilometre,117.5,,,,,
dataflow,ESTAT:SDG_13_31$DEFAULTVIEW(1.0),Average CO2 emissions per km from new passenger cars,A,Annual,EU27_2020,European Union - 27 countries (from 2020),2014,,G_KM,Grams per kilometre,123.1,,,,,
dataflow,ESTAT:SDG_13_31$DEFAULTVIEW(1.0),Average CO2 emissions per km from new passenger cars,A,Annual,EU27_2020,European Union - 27 countries (from 2020),2015,,G_KM,Grams per kilometre,119.1,,,,,
dataflow,ESTAT:SDG_13_31$DEFAULTVIEW(1.0),Average CO2 emissions per km from new passenger cars,A,Annual,EU27_2020,European Union - 27 countries (from 2020),2016,,G_KM,Grams per kilometre,117.6,,,,,
dataflow,ESTAT:SDG_13_31$DEFAULTVIEW(1.0),Average CO2 emissions per km from new passenger cars,A,Annual,EU27_2020,European Union - 27 countries (from 2020),2017,,G_KM,Grams per kilometre,143,,be,"break in time series, estimated",,
dataflow,ESTAT:SDG_13_31$DEFAULTVIEW(1.0),Average CO2 emissions per km from new passenger cars,A,Annual,EU27_2020,European Union - 27 countries (from 2020),2018,,G_KM,Grams per kilometre,145.6,,e,estimated,,
dataflow,ESTAT:SDG_13_31$DEFAULTVIEW(1.0),Average CO2 emissions per km from new passenger cars,A,Annual,EU27_2020,European Union - 27 countries (from 2020),2019,,G_KM,Grams per kilometre,148,,e,estimated,,
dataflow,ESTAT:SDG_13_31$DEFAULTVIEW(1.0),Average CO2 emissions per km from new passenger cars,A,Annual,EU27_2020,European Union - 27 countries (from 2020),2020,,G_KM,Grams per kilometre,130.8,,,,,
dataflow,ESTAT:SDG_13_31$DEFAULTVIEW(1.0),Average CO2 emissions per km from new passenger cars,A,Annual,EU27_2020,European Union - 27 countries (from 2020),2021,,G_KM,Grams per kilometre,115.7,,,,,
dataflow,ESTAT:SDG_13_31$DEFAULTVIEW(1.0),Average CO2 emissions per km from new passenger cars,A,Annual,EU27_2020,European Union - 27 countries (from 2020),2022,,G_KM,Grams per kilometre,109.8,,,,,
dataflow,ESTAT:SDG_13_31$DEFAULTVIEW(1.0),Average CO2 emissions per km from new passenger cars,A,Annual,EU27_2020,European Union - 27 countries (from 2020),2023,,G_KM,Grams per kilometre,107.6,,,,,
dataflow,ESTAT:SDG_13_31$DEFAULTVIEW(1.0),Average CO2 emissions per km from new passenger cars,A,Annual,FI,Finland,2014,,G_KM,Grams per kilometre,127.4,,,,,
dataflow,ESTAT:SDG_13_31$DEFAULTVIEW(1.0),Average CO2 emissions per km from new passenger cars,A,Annual,FI,Finland,2015,,G_KM,Grams per kilometre,123,,,,,
dataflow,ESTAT:SDG_13_31$DEFAULTVIEW(1.0),Average CO2 emissions per km from new passenger cars,A,Annual,FI,Finland,2016,,G_KM,Grams per kilometre,120,,,,,
dataflow,ESTAT:SDG_13_31$DEFAULTVIEW(1.0),Average CO2 emissions per km from new passenger cars,A,Annual,FI,Finland,2017,,G_KM,Grams per kilometre,143.3,,be,"break in time series, estimated",,
dataflow,ESTAT:SDG_13_31$DEFAULTVIEW(1.0),Average CO2 emissions per km from new passenger cars,A,Annual,FI,Finland,2018,,G_KM,Grams per kilometre,141.4,,e,estimated,,
dataflow,ESTAT:SDG_13_31$DEFAULTVIEW(1.0),Average CO2 emissions per km from new passenger cars,A,Annual,FI,Finland,2019,,G_KM,Grams per kilometre,139.7,,e,estimated,,
dataflow,ESTAT:SDG_13_31$DEFAULTVIEW(1.0),Average CO2 emissions per km from new passenger cars,A,Annual,FI,Finland,2020,,G_KM,Grams per kilometre,120,,,,,
dataflow,ESTAT:SDG_13_31$DEFAULTVIEW(1.0),Average CO2 emissions per km from new passenger cars,A,Annual,FI,Finland,2021,,G_KM,Grams per kilometre,98.3,,,,,
dataflow,ESTAT:SDG_13_31$DEFAULTVIEW(1.0),Average CO2 emissions per km from new passenger cars,A,Annual,FI,Finland,2022,,G_KM,Grams per kilometre,85.3,,,,,
dataflow,ESTAT:SDG_13_31$DEFAULTVIEW(1.0),Average CO2 emissions per km from new passenger cars,A,Annual,FI,Finland,2023,,G_KM,Grams per kilometre,60.9,,,,,
dataflow,ESTAT:SDG_13_31$DEFAULTVIEW(1.0),Average CO2 emissions per km from new passenger cars,A,Annual,FR,France,2014,,G_KM,Grams per kilometre,114.2,,,,,
dataflow,ESTAT:SDG_13_31$DEFAULTVIEW(1.0),Average CO2 emissions per km from new passenger cars,A,Annual,FR,France,2015,,G_KM,Grams per kilometre,111,,,,,
dataflow,ESTAT:SDG_13_31$DEFAULTVIEW(1.0),Average CO2 emissions per km from new passenger cars,A,Annual,FR,France,2016,,G_KM,Grams per kilometre,109.8,,,,,
dataflow,ESTAT:SDG_13_31$DEFAULTVIEW(1.0),Average CO2 emissions per km from new passenger cars,A,Annual,FR,France,2017,,G_KM,Grams per kilometre,133.8,,be,"break in time series, estimated",,
dataflow,ESTAT:SDG_13_31$DEFAULTVIEW(1.0),Average CO2 emissions per km from new passenger cars,A,Annual,FR,France,2018,,G_KM,Grams per kilometre,136,,e,estimated,,
dataflow,ESTAT:SDG_13_31$DEFAULTVIEW(1.0),Average CO2 emissions per km from new passenger cars,A,Annual,FR,France,2019,,G_KM,Grams per kilometre,137.9,,e,estimated,,
dataflow,ESTAT:SDG_13_31$DEFAULTVIEW(1.0),Average CO2 emissions per km from new passenger cars,A,Annual,FR,France,2020,,G_KM,Grams per kilometre,121.1,,,,,
dataflow,ESTAT:SDG_13_31$DEFAULTVIEW(1.0),Average CO2 emissions per km from new passenger cars,A,Annual,FR,France,2021,,G_KM,Grams per kilometre,108.6,,,,,
dataflow,ESTAT:SDG_13_31$DEFAULTVIEW(1.0),Average CO2 emissions per km from new passenger cars,A,Annual,FR,France,2022,,G_KM,Grams per kilometre,103.1,,,,,
dataflow,ESTAT:SDG_13_31$DEFAULTVIEW(1.0),Average CO2 emissions per km from new passenger cars,A,Annual,FR,France,2023,,G_KM,Grams per kilometre,96.8,,,,,
dataflow,ESTAT:SDG_13_31$DEFAULTVIEW(1.0),Average CO2 emissions per km from new passenger cars,A,Annual,HR,Croatia,2014,,G_KM,Grams per kilometre,115.8,,,,,
dataflow,ESTAT:SDG_13_31$DEFAULTVIEW(1.0),Average CO2 emissions per km from new passenger cars,A,Annual,HR,Croatia,2015,,G_KM,Grams per kilometre,112.8,,,,,
dataflow,ESTAT:SDG_13_31$DEFAULTVIEW(1.0),Average CO2 emissions per km from new passenger cars,A,Annual,HR,Croatia,2016,,G_KM,Grams per kilometre,111.5,,,,,
dataflow,ESTAT:SDG_13_31$DEFAULTVIEW(1.0),Average CO2 emissions per km from new passenger cars,A,Annual,HR,Croatia,2017,,G_KM,Grams per kilometre,137.1,,be,"break in time series, estimated",,
dataflow,ESTAT:SDG_13_31$DEFAULTVIEW(1.0),Average CO2 emissions per km from new passenger cars,A,Annual,HR,Croatia,2018,,G_KM,Grams per kilometre,139.7,,e,estimated,,
dataflow,ESTAT:SDG_13_31$DEFAULTVIEW(1.0),Average CO2 emissions per km from new passenger cars,A,Annual,HR,Croatia,2019,,G_KM,Grams per kilometre,144.7,,e,estimated,,
dataflow,ESTAT:SDG_13_31$DEFAULTVIEW(1.0),Average CO2 emissions per km from new passenger cars,A,Annual,HR,Croatia,2020,,G_KM,Grams per kilometre,135.2,,,,,
dataflow,ESTAT:SDG_13_31$DEFAULTVIEW(1.0),Average CO2 emissions per km from new passenger cars,A,Annual,HR,Croatia,2021,,G_KM,Grams per kilometre,127.9,,,,,
dataflow,ESTAT:SDG_13_31$DEFAULTVIEW(1.0),Average CO2 emissions per km from new passenger cars,A,Annual,HR,Croatia,2022,,G_KM,Grams per kilometre,127.3,,,,,
dataflow,ESTAT:SDG_13_31$DEFAULTVIEW(1.0),Average CO2 emissions per km from new passenger cars,A,Annual,HR,Croatia,2023,,G_KM,Grams per kilometre,127.1,,,,,
dataflow,ESTAT:SDG_13_31$DEFAULTVIEW(1.0),Average CO2 emissions per km from new passenger cars,A,Annual,HU,Hungary,2014,,G_KM,Grams per kilometre,133,,,,,
dataflow,ESTAT:SDG_13_31$DEFAULTVIEW(1.0),Average CO2 emissions per km from new passenger cars,A,Annual,HU,Hungary,2015,,G_KM,Grams per kilometre,129.6,,,,,
dataflow,ESTAT:SDG_13_31$DEFAULTVIEW(1.0),Average CO2 emissions per km from new passenger cars,A,Annual,HU,Hungary,2016,,G_KM,Grams per kilometre,125.9,,,,,
dataflow,ESTAT:SDG_13_31$DEFAULTVIEW(1.0),Average CO2 emissions per km from new passenger cars,A,Annual,HU,Hungary,2017,,G_KM,Grams per kilometre,152.2,,be,"break in time series, estimated",,
dataflow,ESTAT:SDG_13_31$DEFAULTVIEW(1.0),Average CO2 emissions per km from new passenger cars,A,Annual,HU,Hungary,2018,,G_KM,Grams per kilometre,155,,e,estimated,,
dataflow,ESTAT:SDG_13_31$DEFAULTVIEW(1.0),Average CO2 emissions per km from new passenger cars,A,Annual,HU,Hungary,2019,,G_KM,Grams per kilometre,157.2,,e,estimated,,
dataflow,ESTAT:SDG_13_31$DEFAULTVIEW(1.0),Average CO2 emissions per km from new passenger cars,A,Annual,HU,Hungary,2020,,G_KM,Grams per kilometre,141.4,,,,,
dataflow,ESTAT:SDG_13_31$DEFAULTVIEW(1.0),Average CO2 emissions per km from new passenger cars,A,Annual,HU,Hungary,2021,,G_KM,Grams per kilometre,133.1,,,,,
dataflow,ESTAT:SDG_13_31$DEFAULTVIEW(1.0),Average CO2 emissions per km from new passenger cars,A,Annual,HU,Hungary,2022,,G_KM,Grams per kilometre,131.2,,,,,
dataflow,ESTAT:SDG_13_31$DEFAULTVIEW(1.0),Average CO2 emissions per km from new passenger cars,A,Annual,HU,Hungary,2023,,G_KM,Grams per kilometre,127.4,,,,,
dataflow,ESTAT:SDG_13_31$DEFAULTVIEW(1.0),Average CO2 emissions per km from new passenger cars,A,Annual,IE,Ireland,2014,,G_KM,Grams per kilometre,117.1,,,,,
dataflow,ESTAT:SDG_13_31$DEFAULTVIEW(1.0),Average CO2 emissions per km from new passenger cars,A,Annual,IE,Ireland,2015,,G_KM,Grams per kilometre,114.1,,,,,
dataflow,ESTAT:SDG_13_31$DEFAULTVIEW(1.0),Average CO2 emissions per km from new passenger cars,A,Annual,IE,Ireland,2016,,G_KM,Grams per kilometre,112,,,,,
dataflow,ESTAT:SDG_13_31$DEFAULTVIEW(1.0),Average CO2 emissions per km from new passenger cars,A,Annual,IE,Ireland,2017,,G_KM,Grams per kilometre,135.3,,be,"break in time series, estimated",,
dataflow,ESTAT:SDG_13_31$DEFAULTVIEW(1.0),Average CO2 emissions per km from new passenger cars,A,Annual,IE,Ireland,2018,,G_KM,Grams per kilometre,137.3,,e,estimated,,
dataflow,ESTAT:SDG_13_31$DEFAULTVIEW(1.0),Average CO2 emissions per km from new passenger cars,A,Annual,IE,Ireland,2019,,G_KM,Grams per kilometre,137.9,,e,estimated,,
dataflow,ESTAT:SDG_13_31$DEFAULTVIEW(1.0),Average CO2 emissions per km from new passenger cars,A,Annual,IE,Ireland,2020,,G_KM,Grams per kilometre,130,,,,,
dataflow,ESTAT:SDG_13_31$DEFAULTVIEW(1.0),Average CO2 emissions per km from new passenger cars,A,Annual,IE,Ireland,2021,,G_KM,Grams per kilometre,112.6,,,,,
dataflow,ESTAT:SDG_13_31$DEFAULTVIEW(1.0),Average CO2 emissions per km from new passenger cars,A,Annual,IE,Ireland,2022,,G_KM,Grams per kilometre,100.7,,,,,
dataflow,ESTAT:SDG_13_31$DEFAULTVIEW(1.0),Average CO2 emissions per km from new passenger cars,A,Annual,IE,Ireland,2023,,G_KM,Grams per kilometre,93.7,,,,,
dataflow,ESTAT:SDG_13_31$DEFAULTVIEW(1.0),Average CO2 emissions per km from new passenger cars,A,Annual,IS,Iceland,2018,,G_KM,Grams per kilometre,141.6,,e,estimated,,
dataflow,ESTAT:SDG_13_31$DEFAULTVIEW(1.0),Average CO2 emissions per km from new passenger cars,A,Annual,IS,Iceland,2019,,G_KM,Grams per kilometre,138.5,,e,estimated,,
dataflow,ESTAT:SDG_13_31$DEFAULTVIEW(1.0),Average CO2 emissions per km from new passenger cars,A,Annual,IS,Iceland,2020,,G_KM,Grams per kilometre,96.3,,,,,
dataflow,ESTAT:SDG_13_31$DEFAULTVIEW(1.0),Average CO2 emissions per km from new passenger cars,A,Annual,IS,Iceland,2021,,G_KM,Grams per kilometre,80.3,,,,,
dataflow,ESTAT:SDG_13_31$DEFAULTVIEW(1.0),Average CO2 emissions per km from new passenger cars,A,Annual,IS,Iceland,2022,,G_KM,Grams per kilometre,76.1,,,,,
dataflow,ESTAT:SDG_13_31$DEFAULTVIEW(1.0),Average CO2 emissions per km from new passenger cars,A,Annual,IS,Iceland,2023,,G_KM,Grams per kilometre,61.9,,,,,
dataflow,ESTAT:SDG_13_31$DEFAULTVIEW(1.0),Average CO2 emissions per km from new passenger cars,A,Annual,IT,Italy,2014,,G_KM,Grams per kilometre,118.1,,,,,
dataflow,ESTAT:SDG_13_31$DEFAULTVIEW(1.0),Average CO2 emissions per km from new passenger cars,A,Annual,IT,Italy,2015,,G_KM,Grams per kilometre,115.2,,,,,
dataflow,ESTAT:SDG_13_31$DEFAULTVIEW(1.0),Average CO2 emissions per km from new passenger cars,A,Annual,IT,Italy,2016,,G_KM,Grams per kilometre,113.3,,,,,
dataflow,ESTAT:SDG_13_31$DEFAULTVIEW(1.0),Average CO2 emissions per km from new passenger cars,A,Annual,IT,Italy,2017,,G_KM,Grams per kilometre,137.3,,be,"break in time series, estimated",,
dataflow,ESTAT:SDG_13_31$DEFAULTVIEW(1.0),Average CO2 emissions per km from new passenger cars,A,Annual,IT,Italy,2018,,G_KM,Grams per kilometre,140.5,,e,estimated,,
dataflow,ESTAT:SDG_13_31$DEFAULTVIEW(1.0),Average CO2 emissions per km from new passenger cars,A,Annual,IT,Italy,2019,,G_KM,Grams per kilometre,144.7,,e,estimated,,
dataflow,ESTAT:SDG_13_31$DEFAULTVIEW(1.0),Average CO2 emissions per km from new passenger cars,A,Annual,IT,Italy,2020,,G_KM,Grams per kilometre,132.5,,,,,
dataflow,ESTAT:SDG_13_31$DEFAULTVIEW(1.0),Average CO2 emissions per km from new passenger cars,A,Annual,IT,Italy,2021,,G_KM,Grams per kilometre,120.3,,,,,
dataflow,ESTAT:SDG_13_31$DEFAULTVIEW(1.0),Average CO2 emissions per km from new passenger cars,A,Annual,IT,Italy,2022,,G_KM,Grams per kilometre,119.2,,,,,
dataflow,ESTAT:SDG_13_31$DEFAULTVIEW(1.0),Average CO2 emissions per km from new passenger cars,A,Annual,IT,Italy,2023,,G_KM,Grams per kilometre,120.1,,,,,
dataflow,ESTAT:SDG_13_31$DEFAULTVIEW(1.0),Average CO2 emissions per km from new passenger cars,A,Annual,LT,Lithuania,2014,,G_KM,Grams per kilometre,135.8,,,,,
dataflow,ESTAT:SDG_13_31$DEFAULTVIEW(1.0),Average CO2 emissions per km from new passenger cars,A,Annual,LT,Lithuania,2015,,G_KM,Grams per kilometre,130,,,,,
dataflow,ESTAT:SDG_13_31$DEFAULTVIEW(1.0),Average CO2 emissions per km from new passenger cars,A,Annual,LT,Lithuania,2016,,G_KM,Grams per kilometre,126.2,,,,,
dataflow,ESTAT:SDG_13_31$DEFAULTVIEW(1.0),Average CO2 emissions per km from new passenger cars,A,Annual,LT,Lithuania,2017,,G_KM,Grams per kilometre,154.4,,be,"break in time series, estimated",,
dataflow,ESTAT:SDG_13_31$DEFAULTVIEW(1.0),Average CO2 emissions per km from new passenger cars,A,Annual,LT,Lithuania,2018,,G_KM,Grams per kilometre,155.9,,e,estimated,,
dataflow,ESTAT:SDG_13_31$DEFAULTVIEW(1.0),Average CO2 emissions per km from new passenger cars,A,Annual,LT,Lithuania,2019,,G_KM,Grams per kilometre,160,,e,estimated,,
dataflow,ESTAT:SDG_13_31$DEFAULTVIEW(1.0),Average CO2 emissions per km from new passenger cars,A,Annual,LT,Lithuania,2020,,G_KM,Grams per kilometre,146.2,,,,,
dataflow,ESTAT:SDG_13_31$DEFAULTVIEW(1.0),Average CO2 emissions per km from new passenger cars,A,Annual,LT,Lithuania,2021,,G_KM,Grams per kilometre,135.7,,,,,
dataflow,ESTAT:SDG_13_31$DEFAULTVIEW(1.0),Average CO2 emissions per km from new passenger cars,A,Annual,LT,Lithuania,2022,,G_KM,Grams per kilometre,135.9,,,,,
dataflow,ESTAT:SDG_13_31$DEFAULTVIEW(1.0),Average CO2 emissions per km from new passenger cars,A,Annual,LT,Lithuania,2023,,G_KM,Grams per kilometre,129.9,,,,,
dataflow,ESTAT:SDG_13_31$DEFAULTVIEW(1.0),Average CO2 emissions per km from new passenger cars,A,Annual,LU,Luxembourg,2014,,G_KM,Grams per kilometre,129.9,,,,,
dataflow,ESTAT:SDG_13_31$DEFAULTVIEW(1.0),Average CO2 emissions per km from new passenger cars,A,Annual,LU,Luxembourg,2015,,G_KM,Grams per kilometre,127.5,,,,,
dataflow,ESTAT:SDG_13_31$DEFAULTVIEW(1.0),Average CO2 emissions per km from new passenger cars,A,Annual,LU,Luxembourg,2016,,G_KM,Grams per kilometre,126.1,,,,,
dataflow,ESTAT:SDG_13_31$DEFAULTVIEW(1.0),Average CO2 emissions per km from new passenger cars,A,Annual,LU,Luxembourg,2017,,G_KM,Grams per kilometre,153.9,,be,"break in time series, estimated",,
dataflow,ESTAT:SDG_13_31$DEFAULTVIEW(1.0),Average CO2 emissions per km from new passenger cars,A,Annual,LU,Luxembourg,2018,,G_KM,Grams per kilometre,159.3,,e,estimated,,
dataflow,ESTAT:SDG_13_31$DEFAULTVIEW(1.0),Average CO2 emissions per km from new passenger cars,A,Annual,LU,Luxembourg,2019,,G_KM,Grams per kilometre,161.2,,e,estimated,,
dataflow,ESTAT:SDG_13_31$DEFAULTVIEW(1.0),Average CO2 emissions per km from new passenger cars,A,Annual,LU,Luxembourg,2020,,G_KM,Grams per kilometre,143.9,,,,,
dataflow,ESTAT:SDG_13_31$DEFAULTVIEW(1.0),Average CO2 emissions per km from new passenger cars,A,Annual,LU,Luxembourg,2021,,G_KM,Grams per kilometre,123.8,,,,,
dataflow,ESTAT:SDG_13_31$DEFAULTVIEW(1.0),Average CO2 emissions per km from new passenger cars,A,Annual,LU,Luxembourg,2022,,G_KM,Grams per kilometre,115.7,,,,,
dataflow,ESTAT:SDG_13_31$DEFAULTVIEW(1.0),Average CO2 emissions per km from new passenger cars,A,Annual,LU,Luxembourg,2023,,G_KM,Grams per kilometre,105.8,,,,,
dataflow,ESTAT:SDG_13_31$DEFAULTVIEW(1.0),Average CO2 emissions per km from new passenger cars,A,Annual,LV,Latvia,2014,,G_KM,Grams per kilometre,140.4,,,,,
dataflow,ESTAT:SDG_13_31$DEFAULTVIEW(1.0),Average CO2 emissions per km from new passenger cars,A,Annual,LV,Latvia,2015,,G_KM,Grams per kilometre,137.1,,,,,
dataflow,ESTAT:SDG_13_31$DEFAULTVIEW(1.0),Average CO2 emissions per km from new passenger cars,A,Annual,LV,Latvia,2016,,G_KM,Grams per kilometre,128.9,,,,,
dataflow,ESTAT:SDG_13_31$DEFAULTVIEW(1.0),Average CO2 emissions per km from new passenger cars,A,Annual,LV,Latvia,2017,,G_KM,Grams per kilometre,156.1,,be,"break in time series, estimated",,
dataflow,ESTAT:SDG_13_31$DEFAULTVIEW(1.0),Average CO2 emissions per km from new passenger cars,A,Annual,LV,Latvia,2018,,G_KM,Grams per kilometre,156.1,,e,estimated,,
dataflow,ESTAT:SDG_13_31$DEFAULTVIEW(1.0),Average CO2 emissions per km from new passenger cars,A,Annual,LV,Latvia,2019,,G_KM,Grams per kilometre,155,,e,estimated,,
dataflow,ESTAT:SDG_13_31$DEFAULTVIEW(1.0),Average CO2 emissions per km from new passenger cars,A,Annual,LV,Latvia,2020,,G_KM,Grams per kilometre,146.8,,,,,
dataflow,ESTAT:SDG_13_31$DEFAULTVIEW(1.0),Average CO2 emissions per km from new passenger cars,A,Annual,LV,Latvia,2021,,G_KM,Grams per kilometre,142.6,,,,,
dataflow,ESTAT:SDG_13_31$DEFAULTVIEW(1.0),Average CO2 emissions per km from new passenger cars,A,Annual,LV,Latvia,2022,,G_KM,Grams per kilometre,134.6,,,,,
dataflow,ESTAT:SDG_13_31$DEFAULTVIEW(1.0),Average CO2 emissions per km from new passenger cars,A,Annual,LV,Latvia,2023,,G_KM,Grams per kilometre,132.1,,,,,
dataflow,ESTAT:SDG_13_31$DEFAULTVIEW(1.0),Average CO2 emissions per km from new passenger cars,A,Annual,MT,Malta,2014,,G_KM,Grams per kilometre,115.3,,,,,
dataflow,ESTAT:SDG_13_31$DEFAULTVIEW(1.0),Average CO2 emissions per km from new passenger cars,A,Annual,MT,Malta,2015,,G_KM,Grams per kilometre,113.3,,,,,
dataflow,ESTAT:SDG_13_31$DEFAULTVIEW(1.0),Average CO2 emissions per km from new passenger cars,A,Annual,MT,Malta,2016,,G_KM,Grams per kilometre,111.8,,,,,
dataflow,ESTAT:SDG_13_31$DEFAULTVIEW(1.0),Average CO2 emissions per km from new passenger cars,A,Annual,MT,Malta,2017,,G_KM,Grams per kilometre,134.5,,be,"break in time series, estimated",,
dataflow,ESTAT:SDG_13_31$DEFAULTVIEW(1.0),Average CO2 emissions per km from new passenger cars,A,Annual,MT,Malta,2018,,G_KM,Grams per kilometre,130.5,,e,estimated,,
dataflow,ESTAT:SDG_13_31$DEFAULTVIEW(1.0),Average CO2 emissions per km from new passenger cars,A,Annual,MT,Malta,2019,,G_KM,Grams per kilometre,132.2,,e,estimated,,
dataflow,ESTAT:SDG_13_31$DEFAULTVIEW(1.0),Average CO2 emissions per km from new passenger cars,A,Annual,MT,Malta,2020,,G_KM,Grams per kilometre,128.1,,,,,
dataflow,ESTAT:SDG_13_31$DEFAULTVIEW(1.0),Average CO2 emissions per km from new passenger cars,A,Annual,MT,Malta,2021,,G_KM,Grams per kilometre,107.5,,,,,
dataflow,ESTAT:SDG_13_31$DEFAULTVIEW(1.0),Average CO2 emissions per km from new passenger cars,A,Annual,MT,Malta,2022,,G_KM,Grams per kilometre,91.4,,,,,
dataflow,ESTAT:SDG_13_31$DEFAULTVIEW(1.0),Average CO2 emissions per km from new passenger cars,A,Annual,MT,Malta,2023,,G_KM,Grams per kilometre,91.3,,,,,
dataflow,ESTAT:SDG_13_31$DEFAULTVIEW(1.0),Average CO2 emissions per km from new passenger cars,A,Annual,NL,Netherlands,2014,,G_KM,Grams per kilometre,107.3,,,,,
dataflow,ESTAT:SDG_13_31$DEFAULTVIEW(1.0),Average CO2 emissions per km from new passenger cars,A,Annual,NL,Netherlands,2015,,G_KM,Grams per kilometre,101.2,,,,,
dataflow,ESTAT:SDG_13_31$DEFAULTVIEW(1.0),Average CO2 emissions per km from new passenger cars,A,Annual,NL,Netherlands,2016,,G_KM,Grams per kilometre,105.9,,,,,
dataflow,ESTAT:SDG_13_31$DEFAULTVIEW(1.0),Average CO2 emissions per km from new passenger cars,A,Annual,NL,Netherlands,2017,,G_KM,Grams per kilometre,131.3,,be,"break in time series, estimated",,
dataflow,ESTAT:SDG_13_31$DEFAULTVIEW(1.0),Average CO2 emissions per km from new passenger cars,A,Annual,NL,Netherlands,2018,,G_KM,Grams per kilometre,127.9,,e,estimated,,
dataflow,ESTAT:SDG_13_31$DEFAULTVIEW(1.0),Average CO2 emissions per km from new passenger cars,A,Annual,NL,Netherlands,2019,,G_KM,Grams per kilometre,119.3,,e,estimated,,
dataflow,ESTAT:SDG_13_31$DEFAULTVIEW(1.0),Average CO2 emissions per km from new passenger cars,A,Annual,NL,Netherlands,2020,,G_KM,Grams per kilometre,104.4,,,,,
dataflow,ESTAT:SDG_13_31$DEFAULTVIEW(1.0),Average CO2 emissions per km from new passenger cars,A,Annual,NL,Netherlands,2021,,G_KM,Grams per kilometre,95.1,,,,,
dataflow,ESTAT:SDG_13_31$DEFAULTVIEW(1.0),Average CO2 emissions per km from new passenger cars,A,Annual,NL,Netherlands,2022,,G_KM,Grams per kilometre,86.8,,,,,
dataflow,ESTAT:SDG_13_31$DEFAULTVIEW(1.0),Average CO2 emissions per km from new passenger cars,A,Annual,NL,Netherlands,2023,,G_KM,Grams per kilometre,74.2,,,,,
dataflow,ESTAT:SDG_13_31$DEFAULTVIEW(1.0),Average CO2 emissions per km from new passenger cars,A,Annual,NO,Norway,2021,,G_KM,Grams per kilometre,27.6,,,,,
dataflow,ESTAT:SDG_13_31$DEFAULTVIEW(1.0),Average CO2 emissions per km from new passenger cars,A,Annual,NO,Norway,2022,,G_KM,Grams per kilometre,17.8,,,,,
dataflow,ESTAT:SDG_13_31$DEFAULTVIEW(1.0),Average CO2 emissions per km from new passenger cars,A,Annual,NO,Norway,2023,,G_KM,Grams per kilometre,14.5,,,,,
dataflow,ESTAT:SDG_13_31$DEFAULTVIEW(1.0),Average CO2 emissions per km from new passenger cars,A,Annual,PL,Poland,2014,,G_KM,Grams per kilometre,132.9,,,,,
dataflow,ESTAT:SDG_13_31$DEFAULTVIEW(1.0),Average CO2 emissions per km from new passenger cars,A,Annual,PL,Poland,2015,,G_KM,Grams per kilometre,129.3,,,,,
dataflow,ESTAT:SDG_13_31$DEFAULTVIEW(1.0),Average CO2 emissions per km from new passenger cars,A,Annual,PL,Poland,2016,,G_KM,Grams per kilometre,125.8,,,,,
dataflow,ESTAT:SDG_13_31$DEFAULTVIEW(1.0),Average CO2 emissions per km from new passenger cars,A,Annual,PL,Poland,2017,,G_KM,Grams per kilometre,154.7,,be,"break in time series, estimated",,
dataflow,ESTAT:SDG_13_31$DEFAULTVIEW(1.0),Average CO2 emissions per km from new passenger cars,A,Annual,PL,Poland,2018,,G_KM,Grams per kilometre,157.3,,e,estimated,,
dataflow,ESTAT:SDG_13_31$DEFAULTVIEW(1.0),Average CO2 emissions per km from new passenger cars,A,Annual,PL,Poland,2019,,G_KM,Grams per kilometre,158,,e,estimated,,
dataflow,ESTAT:SDG_13_31$DEFAULTVIEW(1.0),Average CO2 emissions per km from new passenger cars,A,Annual,PL,Poland,2020,,G_KM,Grams per kilometre,146,,,,,
dataflow,ESTAT:SDG_13_31$DEFAULTVIEW(1.0),Average CO2 emissions per km from new passenger cars,A,Annual,PL,Poland,2021,,G_KM,Grams per kilometre,137.6,,,,,
dataflow,ESTAT:SDG_13_31$DEFAULTVIEW(1.0),Average CO2 emissions per km from new passenger cars,A,Annual,PL,Poland,2022,,G_KM,Grams per kilometre,135.7,,,,,
dataflow,ESTAT:SDG_13_31$DEFAULTVIEW(1.0),Average CO2 emissions per km from new passenger cars,A,Annual,PL,Poland,2023,,G_KM,Grams per kilometre,132.7,,,,,
dataflow,ESTAT:SDG_13_31$DEFAULTVIEW(1.0),Average CO2 emissions per km from new passenger cars,A,Annual,PT,Portugal,2014,,G_KM,Grams per kilometre,108.8,,,,,
dataflow,ESTAT:SDG_13_31$DEFAULTVIEW(1.0),Average CO2 emissions per km from new passenger cars,A,Annual,PT,Portugal,2015,,G_KM,Grams per kilometre,105.7,,,,,
dataflow,ESTAT:SDG_13_31$DEFAULTVIEW(1.0),Average CO2 emissions per km from new passenger cars,A,Annual,PT,Portugal,2016,,G_KM,Grams per kilometre,104.7,,,,,
dataflow,ESTAT:SDG_13_31$DEFAULTVIEW(1.0),Average CO2 emissions per km from new passenger cars,A,Annual,PT,Portugal,2017,,G_KM,Grams per kilometre,126.9,,be,"break in time series, estimated",,
dataflow,ESTAT:SDG_13_31$DEFAULTVIEW(1.0),Average CO2 emissions per km from new passenger cars,A,Annual,PT,Portugal,2018,,G_KM,Grams per kilometre,128.6,,e,estimated,,
dataflow,ESTAT:SDG_13_31$DEFAULTVIEW(1.0),Average CO2 emissions per km from new passenger cars,A,Annual,PT,Portugal,2019,,G_KM,Grams per kilometre,132.6,,e,estimated,,
dataflow,ESTAT:SDG_13_31$DEFAULTVIEW(1.0),Average CO2 emissions per km from new passenger cars,A,Annual,PT,Portugal,2020,,G_KM,Grams per kilometre,118,,,,,
dataflow,ESTAT:SDG_13_31$DEFAULTVIEW(1.0),Average CO2 emissions per km from new passenger cars,A,Annual,PT,Portugal,2021,,G_KM,Grams per kilometre,107.1,,,,,
dataflow,ESTAT:SDG_13_31$DEFAULTVIEW(1.0),Average CO2 emissions per km from new passenger cars,A,Annual,PT,Portugal,2022,,G_KM,Grams per kilometre,103.1,,,,,
dataflow,ESTAT:SDG_13_31$DEFAULTVIEW(1.0),Average CO2 emissions per km from new passenger cars,A,Annual,PT,Portugal,2023,,G_KM,Grams per kilometre,89.8,,,,,
dataflow,ESTAT:SDG_13_31$DEFAULTVIEW(1.0),Average CO2 emissions per km from new passenger cars,A,Annual,RO,Romania,2014,,G_KM,Grams per kilometre,128.2,,,,,
dataflow,ESTAT:SDG_13_31$DEFAULTVIEW(1.0),Average CO2 emissions per km from new passenger cars,A,Annual,RO,Romania,2015,,G_KM,Grams per kilometre,125,,,,,
dataflow,ESTAT:SDG_13_31$DEFAULTVIEW(1.0),Average CO2 emissions per km from new passenger cars,A,Annual,RO,Romania,2016,,G_KM,Grams per kilometre,122,,,,,
dataflow,ESTAT:SDG_13_31$DEFAULTVIEW(1.0),Average CO2 emissions per km from new passenger cars,A,Annual,RO,Romania,2017,,G_KM,Grams per kilometre,146.2,,be,"break in time series, estimated",,
dataflow,ESTAT:SDG_13_31$DEFAULTVIEW(1.0),Average CO2 emissions per km from new passenger cars,A,Annual,RO,Romania,2018,,G_KM,Grams per kilometre,147.3,,e,estimated,,
dataflow,ESTAT:SDG_13_31$DEFAULTVIEW(1.0),Average CO2 emissions per km from new passenger cars,A,Annual,RO,Romania,2019,,G_KM,Grams per kilometre,150.7,,e,estimated,,
dataflow,ESTAT:SDG_13_31$DEFAULTVIEW(1.0),Average CO2 emissions per km from new passenger cars,A,Annual,RO,Romania,2020,,G_KM,Grams per kilometre,138.5,,,,,
dataflow,ESTAT:SDG_13_31$DEFAULTVIEW(1.0),Average CO2 emissions per km from new passenger cars,A,Annual,RO,Romania,2021,,G_KM,Grams per kilometre,125.6,,,,,
dataflow,ESTAT:SDG_13_31$DEFAULTVIEW(1.0),Average CO2 emissions per km from new passenger cars,A,Annual,RO,Romania,2022,,G_KM,Grams per kilometre,119.7,,,,,
dataflow,ESTAT:SDG_13_31$DEFAULTVIEW(1.0),Average CO2 emissions per km from new passenger cars,A,Annual,RO,Romania,2023,,G_KM,Grams per kilometre,116.2,,,,,
dataflow,ESTAT:SDG_13_31$DEFAULTVIEW(1.0),Average CO2 emissions per km from new passenger cars,A,Annual,SE,Sweden,2014,,G_KM,Grams per kilometre,131,,,,,
dataflow,ESTAT:SDG_13_31$DEFAULTVIEW(1.0),Average CO2 emissions per km from new passenger cars,A,Annual,SE,Sweden,2015,,G_KM,Grams per kilometre,126.3,,,,,
dataflow,ESTAT:SDG_13_31$DEFAULTVIEW(1.0),Average CO2 emissions per km from new passenger cars,A,Annual,SE,Sweden,2016,,G_KM,Grams per kilometre,123.1,,,,,
dataflow,ESTAT:SDG_13_31$DEFAULTVIEW(1.0),Average CO2 emissions per km from new passenger cars,A,Annual,SE,Sweden,2017,,G_KM,Grams per kilometre,148.2,,be,"break in time series, estimated",,
dataflow,ESTAT:SDG_13_31$DEFAULTVIEW(1.0),Average CO2 emissions per km from new passenger cars,A,Annual,SE,Sweden,2018,,G_KM,Grams per kilometre,148.1,,e,estimated,,
dataflow,ESTAT:SDG_13_31$DEFAULTVIEW(1.0),Average CO2 emissions per km from new passenger cars,A,Annual,SE,Sweden,2019,,G_KM,Grams per kilometre,145.1,,e,estimated,,
dataflow,ESTAT:SDG_13_31$DEFAULTVIEW(1.0),Average CO2 emissions per km from new passenger cars,A,Annual,SE,Sweden,2020,,G_KM,Grams per kilometre,111.7,,,,,
dataflow,ESTAT:SDG_13_31$DEFAULTVIEW(1.0),Average CO2 emissions per km from new passenger cars,A,Annual,SE,Sweden,2021,,G_KM,Grams per kilometre,88.3,,,,,
dataflow,ESTAT:SDG_13_31$DEFAULTVIEW(1.0),Average CO2 emissions per km from new passenger cars,A,Annual,SE,Sweden,2022,,G_KM,Grams per kilometre,66.6,,,,,
dataflow,ESTAT:SDG_13_31$DEFAULTVIEW(1.0),Average CO2 emissions per km from new passenger cars,A,Annual,SE,Sweden,2023,,G_KM,Grams per kilometre,61,,,,,
dataflow,ESTAT:SDG_13_31$DEFAULTVIEW(1.0),Average CO2 emissions per km from new passenger cars,A,Annual,SI,Slovenia,2014,,G_KM,Grams per kilometre,121.3,,,,,
dataflow,ESTAT:SDG_13_31$DEFAULTVIEW(1.0),Average CO2 emissions per km from new passenger cars,A,Annual,SI,Slovenia,2015,,G_KM,Grams per kilometre,119.2,,,,,
dataflow,ESTAT:SDG_13_31$DEFAULTVIEW(1.0),Average CO2 emissions per km from new passenger cars,A,Annual,SI,Slovenia,2016,,G_KM,Grams per kilometre,119,,,,,
dataflow,ESTAT:SDG_13_31$DEFAULTVIEW(1.0),Average CO2 emissions per km from new passenger cars,A,Annual,SI,Slovenia,2017,,G_KM,Grams per kilometre,145,,be,"break in time series, estimated",,
dataflow,ESTAT:SDG_13_31$DEFAULTVIEW(1.0),Average CO2 emissions per km from new passenger cars,A,Annual,SI,Slovenia,2018,,G_KM,Grams per kilometre,146.5,,e,estimated,,
dataflow,ESTAT:SDG_13_31$DEFAULTVIEW(1.0),Average CO2 emissions per km from new passenger cars,A,Annual,SI,Slovenia,2019,,G_KM,Grams per kilometre,150,,e,estimated,,
dataflow,ESTAT:SDG_13_31$DEFAULTVIEW(1.0),Average CO2 emissions per km from new passenger cars,A,Annual,SI,Slovenia,2020,,G_KM,Grams per kilometre,138.6,,,,,
dataflow,ESTAT:SDG_13_31$DEFAULTVIEW(1.0),Average CO2 emissions per km from new passenger cars,A,Annual,SI,Slovenia,2021,,G_KM,Grams per kilometre,133.7,,,,,
dataflow,ESTAT:SDG_13_31$DEFAULTVIEW(1.0),Average CO2 emissions per km from new passenger cars,A,Annual,SI,Slovenia,2022,,G_KM,Grams per kilometre,129.1,,,,,
dataflow,ESTAT:SDG_13_31$DEFAULTVIEW(1.0),Average CO2 emissions per km from new passenger cars,A,Annual,SI,Slovenia,2023,,G_KM,Grams per kilometre,123.6,,,,,
dataflow,ESTAT:SDG_13_31$DEFAULTVIEW(1.0),Average CO2 emissions per km from new passenger cars,A,Annual,SK,Slovakia,2014,,G_KM,Grams per kilometre,131.7,,,,,
dataflow,ESTAT:SDG_13_31$DEFAULTVIEW(1.0),Average CO2 emissions per km from new passenger cars,A,Annual,SK,Slovakia,2015,,G_KM,Grams per kilometre,127.6,,,,,
dataflow,ESTAT:SDG_13_31$DEFAULTVIEW(1.0),Average CO2 emissions per km from new passenger cars,A,Annual,SK,Slovakia,2016,,G_KM,Grams per kilometre,124.8,,,,,
dataflow,ESTAT:SDG_13_31$DEFAULTVIEW(1.0),Average CO2 emissions per km from new passenger cars,A,Annual,SK,Slovakia,2017,,G_KM,Grams per kilometre,152.8,,be,"break in time series, estimated",,
dataflow,ESTAT:SDG_13_31$DEFAULTVIEW(1.0),Average CO2 emissions per km from new passenger cars,A,Annual,SK,Slovakia,2018,,G_KM,Grams per kilometre,154.7,,e,estimated,,
dataflow,ESTAT:SDG_13_31$DEFAULTVIEW(1.0),Average CO2 emissions per km from new passenger cars,A,Annual,SK,Slovakia,2019,,G_KM,Grams per kilometre,158,,e,estimated,,
dataflow,ESTAT:SDG_13_31$DEFAULTVIEW(1.0),Average CO2 emissions per km from new passenger cars,A,Annual,SK,Slovakia,2020,,G_KM,Grams per kilometre,144.6,,,,,
dataflow,ESTAT:SDG_13_31$DEFAULTVIEW(1.0),Average CO2 emissions per km from new passenger cars,A,Annual,SK,Slovakia,2021,,G_KM,Grams per kilometre,138,,,,,
dataflow,ESTAT:SDG_13_31$DEFAULTVIEW(1.0),Average CO2 emissions per km from new passenger cars,A,Annual,SK,Slovakia,2022,,G_KM,Grams per kilometre,136.8,,,,,
dataflow,ESTAT:SDG_13_31$DEFAULTVIEW(1.0),Average CO2 emissions per km from new passenger cars,A,Annual,SK,Slovakia,2023,,G_KM,Grams per kilometre,134.9,,,,,
